0.39567566, 2.0904388, 8.131271, 0, 0, 0, 0, 0, 0
0.7763977, 2.3016052, 8.948456, 0, 0, 0, 0, 0, 0
1.1244354, 2.2113342, 9.826172, 0, 0, 0, 0, 0, 0
1.1244354, 2.2113342, 9.826172, 0.01473999, -0.054016113, 0.020950317, 0, 0, 0
0.95961, 2.054947, 10.222931, 0.01473999, -0.054016113, 0.020950317, 0, 0, 0
0.8885498, 2.1766663, 10.01358, 0.01473999, -0.054016113, 0.020950317, 0, 0, 0
0.8316345, 2.2006378, 9.471252, 0.01473999, -0.054016113, 0.020950317, 0, 0, 0
0.7601929, 2.1760712, 9.3581085, 0.01473999, -0.054016113, 0.020950317, 0, 0, 0
0.68562317, 2.0923157, 9.292892, 0.01473999, -0.054016113, 0.020950317, 0, 0, 0
0.80319214, 2.0792084, 9.047821, 0.01473999, -0.054016113, 0.020950317, 0, 0, 0
0.80319214, 2.0792084, 9.047821, 0.01473999, -0.054016113, 0.020950317, 27.452087, -20.829773, -39.52484
1.020874, 2.2422333, 8.911591, 0.01473999, -0.054016113, 0.020950317, 27.452087, -20.829773, -39.52484
1.3017731, 2.431305, 8.8858795, 0.01473999, -0.054016113, 0.020950317, 27.452087, -20.829773, -39.52484
1.4219971, 2.4984283, 8.74765, 0.01473999, -0.054016113, 0.020950317, 27.452087, -20.829773, -39.52484
1.3343506, 2.5164032, 8.838364, 0.01473999, -0.054016113, 0.020950317, 27.452087, -20.829773, -39.52484
1.3343506, 2.5164032, 8.838364, 0.13095093, -0.0054626465, -0.06135559, 27.452087, -20.829773, -39.52484
1.150238, 2.3783264, 8.916382, 0.13095093, -0.0054626465, -0.06135559, 27.452087, -20.829773, -39.52484
0.9357147, 2.3312836, 8.988556, 0.13095093, -0.0054626465, -0.06135559, 27.452087, -20.829773, -39.52484
1.0409088, 2.3518524, 9.072342, 0.13095093, -0.0054626465, -0.06135559, 27.452087, -20.829773, -39.52484
1.2749786, 2.4005737, 8.775467, 0.13095093, -0.0054626465, -0.06135559, 27.452087, -20.829773, -39.52484
1.4883575, 2.555191, 8.515411, 0.13095093, -0.0054626465, -0.06135559, 27.452087, -20.829773, -39.52484
1.5028381, 2.6320648, 8.56636, 0.13095093, -0.0054626465, -0.06135559, 27.452087, -20.829773, -39.52484
1.5028381, 2.6320648, 8.56636, 0.13095093, -0.0054626465, -0.06135559, 27.978516, -20.489502, -39.227295
1.2370453, 2.5666199, 8.625916, 0.13095093, -0.0054626465, -0.06135559, 27.978516, -20.489502, -39.227295
0.98654175, 2.5387573, 8.859833, 0.13095093, -0.0054626465, -0.06135559, 27.978516, -20.489502, -39.227295
1.0691986, 2.5679169, 9.048935, 0.13095093, -0.0054626465, -0.06135559, 27.978516, -20.489502, -39.227295
0.9892578, 2.5287933, 8.827881, 0.13095093, -0.0054626465, -0.06135559, 27.978516, -20.489502, -39.227295
0.9892578, 2.5287933, 8.827881, 0.18247986, -0.054977417, -0.19877625, 27.978516, -20.489502, -39.227295
0.9325409, 2.5362396, 8.247757, 0.18247986, -0.054977417, -0.19877625, 27.978516, -20.489502, -39.227295
0.8344116, 2.6395416, 7.876999, 0.18247986, -0.054977417, -0.19877625, 27.978516, -20.489502, -39.227295
0.9607239, 2.6503906, 7.657593, 0.18247986, -0.054977417, -0.19877625, 27.978516, -20.489502, -39.227295
1.0998535, 2.7028198, 7.653473, 0.18247986, -0.054977417, -0.19877625, 27.978516, -20.489502, -39.227295
1.0736847, 2.8247986, 8.013123, 0.18247986, -0.054977417, -0.19877625, 27.978516, -20.489502, -39.227295
0.81126404, 2.7360382, 8.409912, 0.18247986, -0.054977417, -0.19877625, 27.978516, -20.489502, -39.227295
0.81126404, 2.7360382, 8.409912, 0.18247986, -0.054977417, -0.19877625, 28.225708, -21.263123, -39.100647
0.63049316, 2.444397, 8.41037, 0.18247986, -0.054977417, -0.19877625, 28.225708, -21.263123, -39.100647
0.5146942, 2.3329773, 8.130997, 0.18247986, -0.054977417, -0.19877625, 28.225708, -21.263123, -39.100647
0.38420105, 2.330658, 7.760559, 0.18247986, -0.054977417, -0.19877625, 28.225708, -21.263123, -39.100647
0.37825012, 2.2536774, 7.291641, 0.18247986, -0.054977417, -0.19877625, 28.225708, -21.263123, -39.100647
0.37825012, 2.2536774, 7.291641, 0.13578796, -0.09158325, -0.46398926, 28.225708, -21.263123, -39.100647
0.37478638, 2.4485474, 7.860916, 0.13578796, -0.09158325, -0.46398926, 28.225708, -21.263123, -39.100647
0.2623291, 2.5300598, 8.632629, 0.13578796, -0.09158325, -0.46398926, 28.225708, -21.263123, -39.100647
-0.097976685, 2.1903534, 8.547409, 0.13578796, -0.09158325, -0.46398926, 28.225708, -21.263123, -39.100647
-0.53718567, 1.9916534, 8.196335, 0.13578796, -0.09158325, -0.46398926, 28.225708, -21.263123, -39.100647
-0.59994507, 2.0098114, 8.333206, 0.13578796, -0.09158325, -0.46398926, 28.225708, -21.263123, -39.100647
-0.6208954, 2.2231598, 8.383896, 0.13578796, -0.09158325, -0.46398926, 28.225708, -21.263123, -39.100647
-0.6208954, 2.2231598, 8.383896, 0.13578796, -0.09158325, -0.46398926, 28.448486, -18.467712, -39.98108
-0.85006714, 2.3186035, 8.087402, 0.13578796, -0.09158325, -0.46398926, 28.448486, -18.467712, -39.98108
-0.97402954, 2.2938385, 8.0911255, 0.13578796, -0.09158325, -0.46398926, 28.448486, -18.467712, -39.98108
-1.0480194, 2.3025513, 8.380875, 0.13578796, -0.09158325, -0.46398926, 28.448486, -18.467712, -39.98108
-0.93037415, 2.3733978, 8.825668, 0.13578796, -0.09158325, -0.46398926, 28.448486, -18.467712, -39.98108
-0.93037415, 2.3733978, 8.825668, -0.047912598, -0.14819336, -0.7952118, 28.448486, -18.467712, -39.98108
-0.61898804, 2.6625519, 9.448578, -0.047912598, -0.14819336, -0.7952118, 28.448486, -18.467712, -39.98108
-0.36315918, 2.743637, 9.397995, -0.047912598, -0.14819336, -0.7952118, 28.448486, -18.467712, -39.98108
-0.554245, 2.4865265, 8.69931, -0.047912598, -0.14819336, -0.7952118, 28.448486, -18.467712, -39.98108
-1.0281982, 2.3256836, 8.04007, -0.047912598, -0.14819336, -0.7952118, 28.448486, -18.467712, -39.98108
-1.1502075, 2.379959, 8.494278, -0.047912598, -0.14819336, -0.7952118, 28.448486, -18.467712, -39.98108
-0.8079834, 2.5571594, 9.535553, -0.047912598, -0.14819336, -0.7952118, 28.448486, -18.467712, -39.98108
-0.8079834, 2.5571594, 9.535553, -0.047912598, -0.14819336, -0.7952118, 28.95813, -14.208984, -41.586304
-0.686676, 2.439911, 9.6914215, -0.047912598, -0.14819336, -0.7952118, 28.95813, -14.208984, -41.586304
-0.73509216, 2.2816315, 9.065277, -0.047912598, -0.14819336, -0.7952118, 28.95813, -14.208984, -41.586304
-0.6573639, 2.3536224, 9.0633545, -0.047912598, -0.14819336, -0.7952118, 28.95813, -14.208984, -41.586304
-0.47947693, 2.4951172, 9.524841, -0.047912598, -0.14819336, -0.7952118, 28.95813, -14.208984, -41.586304
-0.47947693, 2.4951172, 9.524841, -0.26158142, -0.09629822, -0.41734314, 28.95813, -14.208984, -41.586304
-0.46453857, 2.5129395, 9.651611, -0.26158142, -0.09629822, -0.41734314, 28.95813, -14.208984, -41.586304
-0.5221405, 2.420807, 9.283112, -0.26158142, -0.09629822, -0.41734314, 28.95813, -14.208984, -41.586304
-0.78622437, 2.3368835, 9.444412, -0.26158142, -0.09629822, -0.41734314, 28.95813, -14.208984, -41.586304
-0.9397583, 2.1295319, 10.085678, -0.26158142, -0.09629822, -0.41734314, 28.95813, -14.208984, -41.586304
-0.8644562, 2.1115723, 10.340256, -0.26158142, -0.09629822, -0.41734314, 28.95813, -14.208984, -41.586304
-0.45854187, 2.1511993, 10.645599, -0.26158142, -0.09629822, -0.41734314, 28.95813, -14.208984, -41.586304
-0.45854187, 2.1511993, 10.645599, -0.26158142, -0.09629822, -0.41734314, 28.78418, -10.754395, -42.744446
-0.36750793, 2.251114, 10.9266205, -0.26158142, -0.09629822, -0.41734314, 28.78418, -10.754395, -42.744446
-0.5303345, 1.9873657, 10.42894, -0.26158142, -0.09629822, -0.41734314, 28.78418, -10.754395, -42.744446
-1.3948212, 1.749649, 9.745087, -0.26158142, -0.09629822, -0.41734314, 28.78418, -10.754395, -42.744446
-1.3948212, 1.749649, 9.745087, -0.31956482, 0.10292053, 0.018997192, 28.78418, -10.754395, -42.744446
-1.6762848, 1.4875488, 9.914886, -0.31956482, 0.10292053, 0.018997192, 28.78418, -10.754395, -42.744446
-1.1197205, 1.6918488, 10.671051, -0.31956482, 0.10292053, 0.018997192, 28.78418, -10.754395, -42.744446
-0.027297974, 2.0568848, 10.813568, -0.31956482, 0.10292053, 0.018997192, 28.78418, -10.754395, -42.744446
0.2888031, 2.216446, 9.730392, -0.31956482, 0.10292053, 0.018997192, 28.78418, -10.754395, -42.744446
-0.046203613, 2.2374878, 9.123352, -0.31956482, 0.10292053, 0.018997192, 28.78418, -10.754395, -42.744446
-0.2988739, 2.061966, 9.199966, -0.31956482, 0.10292053, 0.018997192, 28.78418, -10.754395, -42.744446
-0.2988739, 2.061966, 9.199966, -0.31956482, 0.10292053, 0.018997192, 30.111694, -9.588623, -43.35022
-0.14526367, 1.9569244, 9.603592, -0.31956482, 0.10292053, 0.018997192, 30.111694, -9.588623, -43.35022
-0.21202087, 1.9095459, 9.479599, -0.31956482, 0.10292053, 0.018997192, 30.111694, -9.588623, -43.35022
-0.4943695, 1.7859955, 9.066544, -0.31956482, 0.10292053, 0.018997192, 30.111694, -9.588623, -43.35022
-0.81985474, 1.6714478, 8.726044, -0.31956482, 0.10292053, 0.018997192, 30.111694, -9.588623, -43.35022
-0.81985474, 1.6714478, 8.726044, -0.006668091, 0.19702148, 0.46958923, 30.111694, -9.588623, -43.35022
-0.6433716, 1.664032, 8.561859, -0.006668091, 0.19702148, 0.46958923, 30.111694, -9.588623, -43.35022
-0.049362183, 2.1448364, 9.16217, -0.006668091, 0.19702148, 0.46958923, 30.111694, -9.588623, -43.35022
0.6015625, 2.3398895, 9.377396, -0.006668091, 0.19702148, 0.46958923, 30.111694, -9.588623, -43.35022
0.3852539, 2.029251, 8.508911, -0.006668091, 0.19702148, 0.46958923, 30.111694, -9.588623, -43.35022
-0.088134766, 1.760025, 8.126709, -0.006668091, 0.19702148, 0.46958923, 30.111694, -9.588623, -43.35022
-0.39837646, 1.7894135, 8.73967, -0.006668091, 0.19702148, 0.46958923, 30.111694, -9.588623, -43.35022
-0.39837646, 1.7894135, 8.73967, -0.006668091, 0.19702148, 0.46958923, 30.934143, -11.730957, -44.073486
-0.6873779, 1.6521606, 8.992874, -0.006668091, 0.19702148, 0.46958923, 30.934143, -11.730957, -44.073486
-1.0032349, 1.2463989, 9.136734, -0.006668091, 0.19702148, 0.46958923, 30.934143, -11.730957, -44.073486
-0.2750702, 1.2992554, 9.823669, -0.006668091, 0.19702148, 0.46958923, 30.934143, -11.730957, -44.073486
0.4955597, 1.6697388, 9.324448, -0.006668091, 0.19702148, 0.46958923, 30.934143, -11.730957, -44.073486
0.4955597, 1.6697388, 9.324448, 0.08085632, -0.18580627, 0.6181488, 30.934143, -11.730957, -44.073486
1.0013733, 1.9486084, 8.595825, 0.08085632, -0.18580627, 0.6181488, 30.934143, -11.730957, -44.073486
0.9246063, 2.0594788, 8.511902, 0.08085632, -0.18580627, 0.6181488, 30.934143, -11.730957, -44.073486
0.44992065, 1.9086304, 9.1861725, 0.08085632, -0.18580627, 0.6181488, 30.934143, -11.730957, -44.073486
0.042144775, 1.4412537, 9.295349, 0.08085632, -0.18580627, 0.6181488, 30.934143, -11.730957, -44.073486
-0.024917603, 1.1632538, 9.053558, 0.08085632, -0.18580627, 0.6181488, 30.934143, -11.730957, -44.073486
0.30078125, 1.2384796, 8.605606, 0.08085632, -0.18580627, 0.6181488, 30.934143, -11.730957, -44.073486
0.30078125, 1.2384796, 8.605606, 0.08085632, -0.18580627, 0.6181488, 29.82483, -17.176819, -44.563293
0.7247925, 1.5946655, 8.355225, 0.08085632, -0.18580627, 0.6181488, 29.82483, -17.176819, -44.563293
1.2038269, 1.6839752, 8.286942, 0.08085632, -0.18580627, 0.6181488, 29.82483, -17.176819, -44.563293
1.4671783, 1.6531677, 8.355728, 0.08085632, -0.18580627, 0.6181488, 29.82483, -17.176819, -44.563293
1.5533295, 1.5410767, 8.420258, 0.08085632, -0.18580627, 0.6181488, 29.82483, -17.176819, -44.563293
1.5533295, 1.5410767, 8.420258, 0.02558899, -0.108078, 0.78674316, 29.82483, -17.176819, -44.563293
1.9514923, 1.4720612, 8.670792, 0.02558899, -0.108078, 0.78674316, 29.82483, -17.176819, -44.563293
2.6815186, 1.6788177, 8.8572235, 0.02558899, -0.108078, 0.78674316, 29.82483, -17.176819, -44.563293
2.9201965, 1.9579926, 8.355331, 0.02558899, -0.108078, 0.78674316, 29.82483, -17.176819, -44.563293
3.0820465, 2.1136932, 8.588348, 0.02558899, -0.108078, 0.78674316, 29.82483, -17.176819, -44.563293
3.2219238, 2.1426392, 8.912872, 0.02558899, -0.108078, 0.78674316, 29.82483, -17.176819, -44.563293
2.8798828, 2.0269165, 8.517227, 0.02558899, -0.108078, 0.78674316, 29.82483, -17.176819, -44.563293
2.8798828, 2.0269165, 8.517227, 0.02558899, -0.108078, 0.78674316, 23.30017, -21.655273, -47.303772
2.2433624, 1.7500763, 7.9179993, 0.02558899, -0.108078, 0.78674316, 23.30017, -21.655273, -47.303772
1.8374481, 1.4895935, 7.869049, 0.02558899, -0.108078, 0.78674316, 23.30017, -21.655273, -47.303772
1.8787537, 1.4361877, 8.688278, 0.02558899, -0.108078, 0.78674316, 23.30017, -21.655273, -47.303772
1.7250519, 1.4140778, 9.084518, 0.02558899, -0.108078, 0.78674316, 23.30017, -21.655273, -47.303772
1.7250519, 1.4140778, 9.084518, -0.18432617, 0.028549194, 0.27041626, 23.30017, -21.655273, -47.303772
1.5069733, 1.2189026, 8.706192, -0.18432617, 0.028549194, 0.27041626, 23.30017, -21.655273, -47.303772
1.4339905, 1.2098389, 8.379517, -0.18432617, 0.028549194, 0.27041626, 23.30017, -21.655273, -47.303772
1.5837555, 1.3223724, 8.775253, -0.18432617, 0.028549194, 0.27041626, 23.30017, -21.655273, -47.303772
1.691391, 1.3804169, 8.972824, -0.18432617, 0.028549194, 0.27041626, 23.30017, -21.655273, -47.303772
1.4777832, 1.1697388, 8.858475, -0.18432617, 0.028549194, 0.27041626, 23.30017, -21.655273, -47.303772
1.2485352, 0.95877075, 8.718857, -0.18432617, 0.028549194, 0.27041626, 23.30017, -21.655273, -47.303772
1.2485352, 0.95877075, 8.718857, -0.18432617, 0.028549194, 0.27041626, 19.94934, -21.084595, -49.391174
1.1834869, 0.8240814, 8.844284, -0.18432617, 0.028549194, 0.27041626, 19.94934, -21.084595, -49.391174
1.1693573, 0.861969, 8.955109, -0.18432617, 0.028549194, 0.27041626, 19.94934, -21.084595, -49.391174
1.3136292, 0.893219, 9.12178, -0.18432617, 0.028549194, 0.27041626, 19.94934, -21.084595, -49.391174
1.3766937, 0.896698, 9.135315, -0.18432617, 0.028549194, 0.27041626, 19.94934, -21.084595, -49.391174
1.0733032, 0.6683655, 9.040695, -0.18432617, 0.028549194, 0.27041626, 19.94934, -21.084595, -49.391174
1.0733032, 0.6683655, 9.040695, -0.4524994, -0.09059143, -0.18301392, 19.94934, -21.084595, -49.391174
0.8121033, 0.43589783, 9.295288, -0.4524994, -0.09059143, -0.18301392, 19.94934, -21.084595, -49.391174
0.7540436, 0.3052063, 9.687302, -0.4524994, -0.09059143, -0.18301392, 19.94934, -21.084595, -49.391174
1.208664, 0.19885254, 9.835312, -0.4524994, -0.09059143, -0.18301392, 19.94934, -21.084595, -49.391174
1.6693726, 0.3767395, 9.646973, -0.4524994, -0.09059143, -0.18301392, 19.94934, -21.084595, -49.391174
1.7809601, 0.44363403, 9.2022705, -0.4524994, -0.09059143, -0.18301392, 19.94934, -21.084595, -49.391174
1.7809601, 0.44363403, 9.2022705, -0.4524994, -0.09059143, -0.18301392, 19.882202, -15.59906, -49.78943
1.8672485, 0.41944885, 9.194992, -0.4524994, -0.09059143, -0.18301392, 19.882202, -15.59906, -49.78943
2.085556, 0.4442749, 9.769165, -0.4524994, -0.09059143, -0.18301392, 19.882202, -15.59906, -49.78943
2.2389374, 0.32411194, 10.267487, -0.4524994, -0.09059143, -0.18301392, 19.882202, -15.59906, -49.78943
2.242218, 0.16345215, 10.139206, -0.4524994, -0.09059143, -0.18301392, 19.882202, -15.59906, -49.78943
2.188736, 0.024902344, 9.490768, -0.4524994, -0.09059143, -0.18301392, 19.882202, -15.59906, -49.78943
2.188736, 0.024902344, 9.490768, -0.46585083, -0.00592041, -0.25213623, 19.882202, -15.59906, -49.78943
2.1206207, -0.09082031, 9.3871765, -0.46585083, -0.00592041, -0.25213623, 19.882202, -15.59906, -49.78943
2.234375, -0.090042114, 10.015564, -0.46585083, -0.00592041, -0.25213623, 19.882202, -15.59906, -49.78943
2.2182465, -0.1305542, 10.171265, -0.46585083, -0.00592041, -0.25213623, 19.882202, -15.59906, -49.78943
2.0212708, -0.047790527, 9.965469, -0.46585083, -0.00592041, -0.25213623, 19.882202, -15.59906, -49.78943
1.9336548, 0.015258789, 9.840485, -0.46585083, -0.00592041, -0.25213623, 19.882202, -15.59906, -49.78943
1.9336548, 0.015258789, 9.840485, -0.46585083, -0.00592041, -0.25213623, 19.02008, -10.231018, -49.78943
1.8751526, -0.07635498, 10.287201, -0.46585083, -0.00592041, -0.25213623, 19.02008, -10.231018, -49.78943
1.7730103, -0.32557678, 10.45076, -0.46585083, -0.00592041, -0.25213623, 19.02008, -10.231018, -49.78943
1.8826141, -0.56700134, 9.529373, -0.46585083, -0.00592041, -0.25213623, 19.02008, -10.231018, -49.78943
2.0996857, -0.38381958, 9.06485, -0.46585083, -0.00592041, -0.25213623, 19.02008, -10.231018, -49.78943
2.4731445, -0.07569885, 8.784653, -0.46585083, -0.00592041, -0.25213623, 19.02008, -10.231018, -49.78943
2.4731445, -0.07569885, 8.784653, -0.032226563, -0.09803772, -0.3068695, 19.02008, -10.231018, -49.78943
2.817047, 0.034606934, 9.033646, -0.032226563, -0.09803772, -0.3068695, 19.02008, -10.231018, -49.78943
2.8836517, -0.21774292, 9.59227, -0.032226563, -0.09803772, -0.3068695, 19.02008, -10.231018, -49.78943
2.7300262, -0.42791748, 9.531143, -0.032226563, -0.09803772, -0.3068695, 19.02008, -10.231018, -49.78943
2.6153412, -0.033721924, 9.5168, -0.032226563, -0.09803772, -0.3068695, 19.02008, -10.231018, -49.78943
2.7976227, 0.30004883, 9.5216675, -0.032226563, -0.09803772, -0.3068695, 19.02008, -10.231018, -49.78943
2.7976227, 0.30004883, 9.5216675, -0.032226563, -0.09803772, -0.3068695, 18.869019, -9.098816, -50.024414
2.7759094, 0.2949524, 9.222733, -0.032226563, -0.09803772, -0.3068695, 18.869019, -9.098816, -50.024414
2.439209, 0.3991089, 9.745483, -0.032226563, -0.09803772, -0.3068695, 18.869019, -9.098816, -50.024414
2.234253, 0.5507355, 10.587296, -0.032226563, -0.09803772, -0.3068695, 18.869019, -9.098816, -50.024414
2.0229797, 0.5456543, 10.727921, -0.032226563, -0.09803772, -0.3068695, 18.869019, -9.098816, -50.024414
1.8108826, 0.3538971, 10.28746, -0.032226563, -0.09803772, -0.3068695, 18.869019, -9.098816, -50.024414
1.8108826, 0.3538971, 10.28746, 0.053253174, -0.28407288, -0.5274353, 18.869019, -9.098816, -50.024414
1.6632996, 0.1633606, 9.920441, 0.053253174, -0.28407288, -0.5274353, 18.869019, -9.098816, -50.024414
1.5435791, 0.029937744, 9.566879, 0.053253174, -0.28407288, -0.5274353, 18.869019, -9.098816, -50.024414
1.2354889, 0.0158844, 9.134766, 0.053253174, -0.28407288, -0.5274353, 18.869019, -9.098816, -50.024414
1.0754089, 0.078125, 8.822556, 0.053253174, -0.28407288, -0.5274353, 18.869019, -9.098816, -50.024414
1.1485138, 0.19395447, 8.806793, 0.053253174, -0.28407288, -0.5274353, 18.869019, -9.098816, -50.024414
1.1485138, 0.19395447, 8.806793, 0.053253174, -0.28407288, -0.5274353, 18.966675, -7.2418213, -50.357056
1.3822021, 0.3587799, 9.106964, 0.053253174, -0.28407288, -0.5274353, 18.966675, -7.2418213, -50.357056
1.8486023, 0.7309418, 9.3853, 0.053253174, -0.28407288, -0.5274353, 18.966675, -7.2418213, -50.357056
2.3262024, 1.180481, 9.459595, 0.053253174, -0.28407288, -0.5274353, 18.966675, -7.2418213, -50.357056
2.4789734, 1.2858582, 9.864883, 0.053253174, -0.28407288, -0.5274353, 18.966675, -7.2418213, -50.357056
2.4814758, 0.83839417, 10.441635, 0.053253174, -0.28407288, -0.5274353, 18.966675, -7.2418213, -50.357056
2.4814758, 0.83839417, 10.441635, -0.06858826, -0.3581543, -0.4205475, 18.966675, -7.2418213, -50.357056
2.4337616, 0.347641, 10.460739, -0.06858826, -0.3581543, -0.4205475, 18.966675, -7.2418213, -50.357056
2.4325256, 0.4509735, 10.224091, -0.06858826, -0.3581543, -0.4205475, 18.966675, -7.2418213, -50.357056
2.4337616, 0.825531, 9.906433, -0.06858826, -0.3581543, -0.4205475, 18.966675, -7.2418213, -50.357056
2.4432526, 0.9870148, 9.770538, -0.06858826, -0.3581543, -0.4205475, 18.966675, -7.2418213, -50.357056
2.300415, 0.796402, 9.730667, -0.06858826, -0.3581543, -0.4205475, 18.966675, -7.2418213, -50.357056
2.300415, 0.796402, 9.730667, -0.06858826, -0.3581543, -0.4205475, 15.524292, -4.5181274, -51.408386
1.9334106, 0.44709778, 9.425095, -0.06858826, -0.3581543, -0.4205475, 15.524292, -4.5181274, -51.408386
1.7772827, 0.43945313, 9.515137, -0.06858826, -0.3581543, -0.4205475, 15.524292, -4.5181274, -51.408386
1.7931671, 0.8017273, 9.996933, -0.06858826, -0.3581543, -0.4205475, 15.524292, -4.5181274, -51.408386
1.6962433, 1.0117493, 10.141769, -0.06858826, -0.3581543, -0.4205475, 15.524292, -4.5181274, -51.408386
1.6663971, 0.8428192, 9.764893, -0.06858826, -0.3581543, -0.4205475, 15.524292, -4.5181274, -51.408386
1.6663971, 0.8428192, 9.764893, 0.21502686, -0.18411255, -0.2345581, 15.524292, -4.5181274, -51.408386
1.7813416, 0.45602417, 8.827225, 0.21502686, -0.18411255, -0.2345581, 15.524292, -4.5181274, -51.408386
1.5554047, 0.40174866, 8.373611, 0.21502686, -0.18411255, -0.2345581, 15.524292, -4.5181274, -51.408386
1.1438599, 0.60928345, 9.003784, 0.21502686, -0.18411255, -0.2345581, 15.524292, -4.5181274, -51.408386
1.2462006, 0.7471771, 9.842285, 0.21502686, -0.18411255, -0.2345581, 15.524292, -4.5181274, -51.408386
1.6558228, 0.80255127, 9.754074, 0.21502686, -0.18411255, -0.2345581, 15.524292, -4.5181274, -51.408386
1.6558228, 0.80255127, 9.754074, 0.21502686, -0.18411255, -0.2345581, 14.349365, -5.1376343, -52.13318
1.8673401, 0.7762451, 9.152969, 0.21502686, -0.18411255, -0.2345581, 14.349365, -5.1376343, -52.13318
1.6965027, 0.82037354, 9.0308075, 0.21502686, -0.18411255, -0.2345581, 14.349365, -5.1376343, -52.13318
1.2876434, 0.88897705, 9.655182, 0.21502686, -0.18411255, -0.2345581, 14.349365, -5.1376343, -52.13318
1.1930237, 0.7601471, 10.110825, 0.21502686, -0.18411255, -0.2345581, 14.349365, -5.1376343, -52.13318
1.3415375, 0.48190308, 9.56131, 0.21502686, -0.18411255, -0.2345581, 14.349365, -5.1376343, -52.13318
1.3415375, 0.48190308, 9.56131, 0.27035522, 0.0872345, 0.03553772, 14.349365, -5.1376343, -52.13318
1.6145782, 0.43055725, 8.325638, 0.27035522, 0.0872345, 0.03553772, 14.349365, -5.1376343, -52.13318
1.5232391, 1.0819092, 8.789322, 0.27035522, 0.0872345, 0.03553772, 14.349365, -5.1376343, -52.13318
1.0124207, 1.3217773, 9.986404, 0.27035522, 0.0872345, 0.03553772, 14.349365, -5.1376343, -52.13318
0.8688965, 0.74295044, 10.115326, 0.27035522, 0.0872345, 0.03553772, 14.349365, -5.1376343, -52.13318
1.0287323, 0.17607117, 8.84816, 0.27035522, 0.0872345, 0.03553772, 14.349365, -5.1376343, -52.13318
1.0287323, 0.17607117, 8.84816, 0.27035522, 0.0872345, 0.03553772, 16.139221, -7.635498, -50.076294
1.3965759, 0.35443115, 7.1106415, 0.27035522, 0.0872345, 0.03553772, 16.139221, -7.635498, -50.076294
1.4589691, 1.2611694, 7.2128906, 0.27035522, 0.0872345, 0.03553772, 16.139221, -7.635498, -50.076294
1.1452332, 1.7381592, 8.745834, 0.27035522, 0.0872345, 0.03553772, 16.139221, -7.635498, -50.076294
0.9195862, 1.1959381, 9.54303, 0.27035522, 0.0872345, 0.03553772, 16.139221, -7.635498, -50.076294
0.9481354, 0.5198822, 8.999466, 0.27035522, 0.0872345, 0.03553772, 16.139221, -7.635498, -50.076294
0.9481354, 0.5198822, 8.999466, 0.192276, 0.36756897, 0.25299072, 16.139221, -7.635498, -50.076294
1.1782227, 0.030960083, 7.737915, 0.192276, 0.36756897, 0.25299072, 16.139221, -7.635498, -50.076294
1.2916412, 0.6584778, 7.644043, 0.192276, 0.36756897, 0.25299072, 16.139221, -7.635498, -50.076294
1.2645111, 1.68367, 9.13916, 0.192276, 0.36756897, 0.25299072, 16.139221, -7.635498, -50.076294
1.3187256, 1.8485413, 10.576157, 0.192276, 0.36756897, 0.25299072, 16.139221, -7.635498, -50.076294
1.2288818, 1.1043549, 10.474777, 0.192276, 0.36756897, 0.25299072, 16.139221, -7.635498, -50.076294
1.2288818, 1.1043549, 10.474777, 0.192276, 0.36756897, 0.25299072, 19.02771, -11.364746, -49.046326
1.2067413, 0.27426147, 9.43045, 0.192276, 0.36756897, 0.25299072, 19.02771, -11.364746, -49.046326
1.3834534, -0.053497314, 8.228088, 0.192276, 0.36756897, 0.25299072, 19.02771, -11.364746, -49.046326
1.5704193, 0.84288025, 8.338089, 0.192276, 0.36756897, 0.25299072, 19.02771, -11.364746, -49.046326
1.4679871, 1.8387451, 9.897308, 0.192276, 0.36756897, 0.25299072, 19.02771, -11.364746, -49.046326
1.4089508, 1.4752197, 10.883514, 0.192276, 0.36756897, 0.25299072, 19.02771, -11.364746, -49.046326
1.4089508, 1.4752197, 10.883514, -0.18006897, 0.29992676, 0.49546814, 19.02771, -11.364746, -49.046326
1.1954803, 0.26208496, 10.173492, -0.18006897, 0.29992676, 0.49546814, 19.02771, -11.364746, -49.046326
1.029602, -0.39620972, 8.666718, -0.18006897, 0.29992676, 0.49546814, 19.02771, -11.364746, -49.046326
1.3628235, 0.3028412, 8.219162, -0.18006897, 0.29992676, 0.49546814, 19.02771, -11.364746, -49.046326
1.5620117, 1.4407806, 9.210144, -0.18006897, 0.29992676, 0.49546814, 19.02771, -11.364746, -49.046326
1.6297455, 1.3969116, 10.288208, -0.18006897, 0.29992676, 0.49546814, 19.02771, -11.364746, -49.046326
1.6297455, 1.3969116, 10.288208, -0.18006897, 0.29992676, 0.49546814, 21.965027, -13.298035, -48.09723
1.5405426, 0.39263916, 9.952438, -0.18006897, 0.29992676, 0.49546814, 21.965027, -13.298035, -48.09723
1.0942383, -0.38261414, 8.72258, -0.18006897, 0.29992676, 0.49546814, 21.965027, -13.298035, -48.09723
1.1573334, -0.48168945, 7.904602, -0.18006897, 0.29992676, 0.49546814, 21.965027, -13.298035, -48.09723
1.938324, 0.3090515, 8.078629, -0.18006897, 0.29992676, 0.49546814, 21.965027, -13.298035, -48.09723
2.6779938, 1.3706512, 9.467636, -0.18006897, 0.29992676, 0.49546814, 21.965027, -13.298035, -48.09723
2.6779938, 1.3706512, 9.467636, 0.018844604, 0.2987976, 0.7877655, 21.965027, -13.298035, -48.09723
2.7218933, 1.7957001, 10.518188, 0.018844604, 0.2987976, 0.7877655, 21.965027, -13.298035, -48.09723
2.3616486, 1.0359955, 10.780289, 0.018844604, 0.2987976, 0.7877655, 21.965027, -13.298035, -48.09723
1.9948273, 0.14234924, 10.322205, 0.018844604, 0.2987976, 0.7877655, 21.965027, -13.298035, -48.09723
1.6775208, -0.14077759, 9.493774, 0.018844604, 0.2987976, 0.7877655, 21.965027, -13.298035, -48.09723
1.7982025, 0.31262207, 9.164261, 0.018844604, 0.2987976, 0.7877655, 21.965027, -13.298035, -48.09723
1.7982025, 0.31262207, 9.164261, 0.018844604, 0.2987976, 0.7877655, 22.436523, -15.383911, -48.55194
2.1463318, 0.7962036, 9.588913, 0.018844604, 0.2987976, 0.7877655, 22.436523, -15.383911, -48.55194
2.2678833, 0.89979553, 9.947388, 0.018844604, 0.2987976, 0.7877655, 22.436523, -15.383911, -48.55194
1.7803497, 0.6273346, 9.947266, 0.018844604, 0.2987976, 0.7877655, 22.436523, -15.383911, -48.55194
1.1564026, 0.2873993, 9.354675, 0.018844604, 0.2987976, 0.7877655, 22.436523, -15.383911, -48.55194
1.2402344, 0.36169434, 9.098694, 0.018844604, 0.2987976, 0.7877655, 22.436523, -15.383911, -48.55194
1.2402344, 0.36169434, 9.098694, 0.0070343018, 0.21879578, 0.535141, 22.436523, -15.383911, -48.55194
1.6117554, 0.7279053, 9.442612, 0.0070343018, 0.21879578, 0.535141, 22.436523, -15.383911, -48.55194
1.963089, 0.73335266, 9.502945, 0.0070343018, 0.21879578, 0.535141, 22.436523, -15.383911, -48.55194
2.0834656, 0.58306885, 9.382446, 0.0070343018, 0.21879578, 0.535141, 22.436523, -15.383911, -48.55194
2.0664063, 0.49111938, 9.021683, 0.0070343018, 0.21879578, 0.535141, 22.436523, -15.383911, -48.55194
1.871933, 0.51760864, 8.615555, 0.0070343018, 0.21879578, 0.535141, 22.436523, -15.383911, -48.55194
1.871933, 0.51760864, 8.615555, 0.0070343018, 0.21879578, 0.535141, 26.856995, -18.928528, -50.428772
1.6435089, 0.74046326, 8.656158, 0.0070343018, 0.21879578, 0.535141, 26.856995, -18.928528, -50.428772
1.3040924, 0.85383606, 9.302521, 0.0070343018, 0.21879578, 0.535141, 26.856995, -18.928528, -50.428772
0.97210693, 0.63746643, 9.984909, 0.0070343018, 0.21879578, 0.535141, 26.856995, -18.928528, -50.428772
0.78907776, 0.35610962, 10.100662, 0.0070343018, 0.21879578, 0.535141, 26.856995, -18.928528, -50.428772
0.9987488, 0.08302307, 9.8293, 0.0070343018, 0.21879578, 0.535141, 26.856995, -18.928528, -50.428772
0.9987488, 0.08302307, 9.8293, 0.05508423, 0.15377808, 0.18154907, 26.856995, -18.928528, -50.428772
1.1143494, 0.0847168, 9.279022, 0.05508423, 0.15377808, 0.18154907, 26.856995, -18.928528, -50.428772
1.2179413, 0.4597931, 9.053986, 0.05508423, 0.15377808, 0.18154907, 26.856995, -18.928528, -50.428772
1.4874268, 0.76187134, 9.375305, 0.05508423, 0.15377808, 0.18154907, 26.856995, -18.928528, -50.428772
1.6486664, 0.84280396, 9.644943, 0.05508423, 0.15377808, 0.18154907, 26.856995, -18.928528, -50.428772
1.4646912, 0.7856598, 9.610306, 0.05508423, 0.15377808, 0.18154907, 26.856995, -18.928528, -50.428772
1.4646912, 0.7856598, 9.610306, 0.05508423, 0.15377808, 0.18154907, 34.498596, -24.784851, -42.85431
1.1180725, 0.5570984, 9.343063, 0.05508423, 0.15377808, 0.18154907, 34.498596, -24.784851, -42.85431
0.8721924, 0.45968628, 9.148117, 0.05508423, 0.15377808, 0.18154907, 34.498596, -24.784851, -42.85431
0.86398315, 0.47647095, 8.850204, 0.05508423, 0.15377808, 0.18154907, 34.498596, -24.784851, -42.85431
0.9709778, 0.7835846, 8.900833, 0.05508423, 0.15377808, 0.18154907, 34.498596, -24.784851, -42.85431
0.9328613, 1.0527344, 8.841156, 0.05508423, 0.15377808, 0.18154907, 34.498596, -24.784851, -42.85431
0.9328613, 1.0527344, 8.841156, 0.23625183, 0.24377441, 0.047317505, 34.498596, -24.784851, -42.85431
0.78401184, 0.944397, 8.734863, 0.23625183, 0.24377441, 0.047317505, 34.498596, -24.784851, -42.85431
0.60131836, 0.8327484, 8.650604, 0.23625183, 0.24377441, 0.047317505, 34.498596, -24.784851, -42.85431
0.6370239, 0.9758606, 8.730392, 0.23625183, 0.24377441, 0.047317505, 34.498596, -24.784851, -42.85431
0.5681915, 1.16539, 8.5569, 0.23625183, 0.24377441, 0.047317505, 34.498596, -24.784851, -42.85431
0.6242981, 1.3007507, 8.238327, 0.23625183, 0.24377441, 0.047317505, 34.498596, -24.784851, -42.85431
0.6242981, 1.3007507, 8.238327, 0.23625183, 0.24377441, 0.047317505, 32.22046, -24.989319, -33.21991
0.824173, 1.4424591, 7.937195, 0.23625183, 0.24377441, 0.047317505, 32.22046, -24.989319, -33.21991
0.83535767, 1.6891327, 7.6901855, 0.23625183, 0.24377441, 0.047317505, 32.22046, -24.989319, -33.21991
1.105011, 1.8656464, 7.2652283, 0.23625183, 0.24377441, 0.047317505, 32.22046, -24.989319, -33.21991
1.0405426, 2.2657623, 7.1262665, 0.23625183, 0.24377441, 0.047317505, 32.22046, -24.989319, -33.21991
1.0805054, 2.2390442, 7.49115, 0.23625183, 0.24377441, 0.047317505, 32.22046, -24.989319, -33.21991
1.0805054, 2.2390442, 7.49115, 0.52101135, -0.028305054, -0.078552246, 32.22046, -24.989319, -33.21991
1.0544128, 2.075409, 8.106155, 0.52101135, -0.028305054, -0.078552246, 32.22046, -24.989319, -33.21991
0.63967896, 2.0165863, 8.413223, 0.52101135, -0.028305054, -0.078552246, 32.22046, -24.989319, -33.21991
0.4190216, 1.9680328, 8.139618, 0.52101135, -0.028305054, -0.078552246, 32.22046, -24.989319, -33.21991
0.14834595, 2.0581818, 8.094223, 0.52101135, -0.028305054, -0.078552246, 32.22046, -24.989319, -33.21991
0.037124634, 2.1925812, 8.091919, 0.52101135, -0.028305054, -0.078552246, 32.22046, -24.989319, -33.21991
0.037124634, 2.1925812, 8.091919, 0.52101135, -0.028305054, -0.078552246, 29.542542, -24.473572, -32.52716
-0.10974121, 2.275711, 7.8706055, 0.52101135, -0.028305054, -0.078552246, 29.542542, -24.473572, -32.52716
0.15048218, 2.317688, 7.576111, 0.52101135, -0.028305054, -0.078552246, 29.542542, -24.473572, -32.52716
-0.11054993, 2.2657623, 7.4197693, 0.52101135, -0.028305054, -0.078552246, 29.542542, -24.473572, -32.52716
-0.43008423, 2.0884552, 7.823166, 0.52101135, -0.028305054, -0.078552246, 29.542542, -24.473572, -32.52716
-0.43008423, 2.0884552, 7.823166, 0.16409302, -0.06904602, -0.4258423, 29.542542, -24.473572, -32.52716
-0.49263, 2.1327057, 8.291916, 0.16409302, -0.06904602, -0.4258423, 29.542542, -24.473572, -32.52716
-0.8083954, 2.141861, 8.475174, 0.16409302, -0.06904602, -0.4258423, 29.542542, -24.473572, -32.52716
-0.77279663, 2.1088715, 8.6792145, 0.16409302, -0.06904602, -0.4258423, 29.542542, -24.473572, -32.52716
-0.53308105, 2.271103, 8.5941925, 0.16409302, -0.06904602, -0.4258423, 29.542542, -24.473572, -32.52716
-0.5435486, 2.2088013, 8.219238, 0.16409302, -0.06904602, -0.4258423, 29.542542, -24.473572, -32.52716
-0.5435486, 2.2088013, 8.219238, 0.16409302, -0.06904602, -0.4258423, 29.258728, -23.243713, -35.647583
-0.78793335, 2.1410217, 8.065979, 0.16409302, -0.06904602, -0.4258423, 29.258728, -23.243713, -35.647583
-0.5920105, 2.1080933, 8.105484, 0.16409302, -0.06904602, -0.4258423, 29.258728, -23.243713, -35.647583
-0.546463, 2.2049713, 8.467804, 0.16409302, -0.06904602, -0.4258423, 29.258728, -23.243713, -35.647583
-0.24380493, 2.2133026, 8.979584, 0.16409302, -0.06904602, -0.4258423, 29.258728, -23.243713, -35.647583
-0.21395874, 2.208084, 9.172928, 0.16409302, -0.06904602, -0.4258423, 29.258728, -23.243713, -35.647583
-0.21395874, 2.208084, 9.172928, -0.111831665, -0.16091919, -0.3280182, 29.258728, -23.243713, -35.647583
-0.38859558, 2.1961212, 9.142822, -0.111831665, -0.16091919, -0.3280182, 29.258728, -23.243713, -35.647583
-0.50205994, 2.1368256, 9.140823, -0.111831665, -0.16091919, -0.3280182, 29.258728, -23.243713, -35.647583
-0.30274963, 1.9576874, 9.268677, -0.111831665, -0.16091919, -0.3280182, 29.258728, -23.243713, -35.647583
0.01373291, 1.9870148, 9.311157, -0.111831665, -0.16091919, -0.3280182, 29.258728, -23.243713, -35.647583
0.53808594, 2.2151031, 9.591553, -0.111831665, -0.16091919, -0.3280182, 29.258728, -23.243713, -35.647583
0.53808594, 2.2151031, 9.591553, -0.111831665, -0.16091919, -0.3280182, 28.630066, -20.91217, -39.135742
0.5653229, 2.2653046, 10.05983, -0.111831665, -0.16091919, -0.3280182, 28.630066, -20.91217, -39.135742
-0.020690918, 2.010498, 10.171936, -0.111831665, -0.16091919, -0.3280182, 28.630066, -20.91217, -39.135742
-0.44082642, 1.8773346, 10.368607, -0.111831665, -0.16091919, -0.3280182, 28.630066, -20.91217, -39.135742
-0.422287, 1.7311249, 10.278473, -0.111831665, -0.16091919, -0.3280182, 28.630066, -20.91217, -39.135742
-0.3047943, 1.7835999, 9.885239, -0.111831665, -0.16091919, -0.3280182, 28.630066, -20.91217, -39.135742
-0.3047943, 1.7835999, 9.885239, -0.18934631, -0.063446045, -0.16177368, 28.630066, -20.91217, -39.135742
-0.34268188, 1.8881989, 9.587997, -0.18934631, -0.063446045, -0.16177368, 28.630066, -20.91217, -39.135742
-0.27330017, 1.9064026, 9.485092, -0.18934631, -0.063446045, -0.16177368, 28.630066, -20.91217, -39.135742
-0.40663147, 1.8728943, 9.42804, -0.18934631, -0.063446045, -0.16177368, 28.630066, -20.91217, -39.135742
-0.4793396, 1.7269745, 9.536835, -0.18934631, -0.063446045, -0.16177368, 28.630066, -20.91217, -39.135742
-0.5482788, 1.7023163, 9.738831, -0.18934631, -0.063446045, -0.16177368, 28.630066, -20.91217, -39.135742
-0.5482788, 1.7023163, 9.738831, -0.18934631, -0.063446045, -0.16177368, 28.045654, -17.819214, -41.578674
-0.44909668, 1.7329407, 9.810913, -0.18934631, -0.063446045, -0.16177368, 28.045654, -17.819214, -41.578674
-0.2305603, 1.7657776, 9.8598175, -0.18934631, -0.063446045, -0.16177368, 28.045654, -17.819214, -41.578674
-0.0974884, 1.820221, 9.737473, -0.18934631, -0.063446045, -0.16177368, 28.045654, -17.819214, -41.578674
-0.02659607, 1.849823, 9.609848, -0.18934631, -0.063446045, -0.16177368, 28.045654, -17.819214, -41.578674
0.012969971, 1.9078369, 9.456009, -0.18934631, -0.063446045, -0.16177368, 28.045654, -17.819214, -41.578674
0.012969971, 1.9078369, 9.456009, -0.051315308, 0.021331787, -0.0095825195, 28.045654, -17.819214, -41.578674
0.08477783, 1.8817444, 9.303192, -0.051315308, 0.021331787, -0.0095825195, 28.045654, -17.819214, -41.578674
0.027359009, 1.781662, 9.284134, -0.051315308, 0.021331787, -0.0095825195, 28.045654, -17.819214, -41.578674
0.07673645, 1.8282623, 9.509445, -0.051315308, 0.021331787, -0.0095825195, 28.045654, -17.819214, -41.578674
0.20959473, 1.8616028, 9.66684, -0.051315308, 0.021331787, -0.0095825195, 28.045654, -17.819214, -41.578674
0.113082886, 1.8292694, 9.763794, -0.051315308, 0.021331787, -0.0095825195, 28.045654, -17.819214, -41.578674
0.113082886, 1.8292694, 9.763794, -0.051315308, 0.021331787, -0.0095825195, 28.076172, -18.099976, -39.778137
-0.041656494, 1.6778259, 9.088318, -0.051315308, 0.021331787, -0.0095825195, 28.076172, -18.099976, -39.778137
0.0789032, 1.8549042, 7.977295, -0.051315308, 0.021331787, -0.0095825195, 28.076172, -18.099976, -39.778137
0.3597412, 2.5162506, 8.098114, -0.051315308, 0.021331787, -0.0095825195, 28.076172, -18.099976, -39.778137
0.2811432, 2.1036835, 10.198044, -0.051315308, 0.021331787, -0.0095825195, 28.076172, -18.099976, -39.778137
0.13284302, 1.9636383, 9.976013, -0.051315308, 0.021331787, -0.0095825195, 28.076172, -18.099976, -39.778137
-0.10292053, 1.7621002, 8.654037, -0.051315308, 0.021331787, -0.0095825195, 28.076172, -18.099976, -39.778137
-0.10292053, 1.7621002, 8.654037, 0.050338745, 0.078826904, 0.052124023, 28.076172, -18.099976, -39.778137
